chain,number,residue
E,401,Val
E,402,Ile
E,403,Arg
E,403,Arg
E,406,Glu
E,418,Ile
E,439,Asn
E,439,Asn
E,443,Ser
E,443,Ser
E,444,Lys
E,444,Lys
E,444,Lys
E,445,Val
E,446,Gly
E,446,Gly
E,446,Gly
E,447,Gly
E,447,Gly
E,447,Gly
E,448,Asn
E,449,Tyr
E,449,Tyr
E,449,Tyr
E,450,Asn
E,451,Tyr
E,451,Tyr
E,451,Tyr
E,452,Leu
E,452,Leu
E,452,Leu
E,452,Leu
E,453,Tyr
E,453,Tyr
E,453,Tyr
E,492,Leu
E,493,Gln
E,493,Gln
E,494,Ser
E,495,Tyr
E,496,Gly
E,496,Gly
E,496,Gly
E,496,Gly
E,496,Gly
E,497,Phe
E,497,Phe
E,497,Phe
E,498,Gln
E,498,Gln
E,498,Gln
E,499,Pro
E,499,Pro
E,499,Pro
E,500,Thr
E,500,Thr
E,500,Thr
E,500,Thr
E,500,Thr
E,500,Thr
E,500,Thr
E,501,Tyr
E,501,Tyr
E,501,Tyr
E,501,Tyr
E,502,Gly
E,503,Val
E,503,Val
E,503,Val
E,504,Gly
E,504,Gly
E,505,Tyr
E,505,Tyr
E,505,Tyr
E,506,Gln
E,506,Gln
E,506,Gln
E,506,Gln
